,ave_cats_before,ave_cats_after,ave_morgan_before,ave_morgan_after,auroc_before,auroc_after,ap_before,ap_after,mcc_before,mcc_after,ef_before,ef_after,targets
0,0.11990252927029094,0.0915997568517588,0.21767571424795834,0.12325194915030263,0.990093294922959,0.9757930068451517,0.9878954460677994,0.973366612745744,0.8137091147747183,0.678832782951066,2.522292993630573,2.522292993630573,3.0
1,0.6657039331512037,0.5994550130337124,1.052320451534873,0.9901042947396889,0.9997195435571392,0.9996043560895357,0.9976688951308725,0.9971490710464415,0.9848316429965688,0.9848316429965688,13.407821229050278,13.407821229050278,4.0
2,0.3967960954446855,0.2883492407809111,0.6499457700650761,0.511531453362256,0.9314533622559653,0.930932754880694,0.7814950674256719,0.7428792731063772,0.7753715542025652,0.7753715542025652,17.0,16.0,4.0
3,0.5653580400705905,0.4885215405377349,0.9169079206892969,0.8296144503270009,0.9998051569524631,0.9997588418018191,0.99970859128218,0.9996275826883652,0.9907090210733935,0.9897759699545741,2.7455621301775146,2.7455621301775146,1.0
4,0.06536764945430851,0.041994461638703406,0.09448965629581374,-0.04491024596839871,0.8418309170874736,0.7187164033230167,0.15483298792461045,0.06683576636731174,0.12155089651374902,-0.01147659117459227,5.142857142857143,0.0,0.0
5,0.2067398373983741,0.16002481814291825,0.12532862644415915,-0.03071459135643989,0.974497218656397,0.8578519469405221,0.6357024281783693,0.2681605728652153,0.5982464133081912,0.27305332077389594,15.121951219512193,7.804878048780487,3.0
6,0.7178509626785613,0.6449725933035968,1.0540278471006717,0.9937997402744057,1.0,0.9999999999999999,1.0,1.0,1.0,1.0,12.160804020100501,12.160804020100501,2.0
7,0.3360340056493174,0.24243681844022946,0.6422877055566083,0.47785770662215604,0.9989411517742008,0.9989191389608293,0.9990476827500216,0.9990097615474275,0.9753240302434416,0.9691893486867963,2.0125071063104034,2.0125071063104034,1.0
8,0.6255795633809986,0.5683691754448459,0.9404949705697759,0.88668064390277,0.9975777314131595,0.9973640018319678,0.9698110026179599,0.9679481836037578,0.8704024027120364,0.8659942764612575,17.674418604651162,17.674418604651162,0.0
9,0.3232706239925374,0.2436282748140119,0.6473302529644066,0.49270193458444494,0.9999504544099419,0.9999367866609603,0.9998779895187104,0.9998445990822384,0.9825927641527028,0.9815699116476211,3.5242290748898673,3.5242290748898673,3.0
10,0.09542162067848153,0.07597775190237616,0.17876716767616335,0.05017480139442304,0.8932782116061859,0.865831294755246,0.729912187621314,0.6090208886961656,0.49319779837859407,0.4423318419940315,3.8538205980066444,3.0564784053156147,5.0
11,0.42508507763161535,0.3297560740189185,0.7297050550177879,0.5805730674829707,0.9998850923397957,0.999594375959479,0.9995998385259197,0.9989578744041534,0.9893721190372884,0.9880421198647032,4.852320675105485,4.852320675105485,3.0
12,0.306378692077364,0.22896083379385956,0.5643345340002,0.4072101641363143,0.9967136358699984,0.9923166593463972,0.9929935220184593,0.9833752477865917,0.9600650262254284,0.8926385246316513,4.314247669773635,4.314247669773635,1.0
13,0.35347960614038093,0.22509701186365338,0.7000130773701665,0.5199196553728331,0.9901364149201682,0.9798070019487846,0.8576258038048542,0.8088153798331563,0.8358464414491849,0.7731138785432895,17.954545454545453,17.045454545454543,0.0
14,0.6732408630559226,0.5896883409168746,0.9575233621997163,0.8922134155291352,0.9962218199411799,0.9959989344988611,0.9728466606252185,0.9707514314443844,0.9251819879896804,0.9146994206758546,14.938271604938272,14.938271604938272,0.0
15,0.643073425778586,0.5758266489137142,1.0239251345002651,0.9619930936684744,0.9998322129488303,0.9998376254343521,0.9978894490905483,0.9979752432845191,0.9771533755075391,0.9771533755075391,14.33734939759036,14.33734939759036,4.0
16,0.229949945887446,0.18427759740259747,0.5243005952380952,0.34898471320346325,0.9941237148268398,0.994713457115801,0.9789372583362757,0.9799155304017223,0.9786384296127932,0.9600410613546999,16.25,16.25,2.0
17,0.39602930887317295,0.3066037587974357,0.6526593869475197,0.5150408611405211,0.9962423425438928,0.9924219862147977,0.9888106885847012,0.9821983021912144,0.869461159633448,0.8526022226031764,3.9425051334702257,3.9425051334702257,5.0
18,0.05045754418666576,0.013791498851646017,0.17850953633125854,-0.03111859667809469,0.9115268115700829,0.2812685151283161,0.4244027513312667,0.018157442344984034,0.1498659037453106,0.0,11.846153846153847,0.3076923076923077,4.0
19,0.604445202487178,0.5328450540703902,0.9956188920208024,0.9281198944325749,0.9951345625594714,0.9945271309478925,0.9872040908032031,0.9869186605901482,0.963093709828248,0.963093709828248,16.575342465753423,16.575342465753423,4.0
20,0.2640591093623135,0.20946489288614073,0.5029176441196678,0.2872463681219162,0.9856989986051257,0.9783757000395561,0.979924049319111,0.969111602722373,0.9373230918468322,0.9020246005890503,3.6148148148148147,3.6148148148148147,1.0
21,0.2443379870297584,0.17051509985959074,0.4811744126527948,0.2919856397541195,0.9990443721266595,0.9977459391685334,0.9982502474644654,0.9960877031297721,0.9346163856538229,0.926734983419413,2.8451882845188283,2.8451882845188283,3.0
22,0.11108453837597332,0.09100985221674868,0.14163038296519936,-0.014512156364214102,0.9019545526775783,0.8150325758779597,0.784167418043697,0.5719179106313554,0.5556275206994784,0.30328548409986006,4.032258064516129,2.5806451612903225,1.0
23,0.5366786039419816,0.46082696722089733,0.896424547744447,0.7972584070104498,0.9998916485615509,0.9998279781286478,0.999774221360866,0.9996453937046734,0.9935476637653113,0.9903194864420422,3.1929046563192904,3.1929046563192904,1.0
24,0.12598973465206487,0.06232111369246934,0.22119935376108107,0.0734728108733162,0.9866951936410948,0.8681771726415829,0.993138988461444,0.9105556815776423,0.7569267402396468,0.22004424301910977,1.5190671289000945,1.437125748502994,1.0
25,0.4407150355047854,0.30467050873040374,0.8040167632899957,0.6491406812802305,0.9974426263249974,0.9926206076406756,0.9913184807591863,0.9600241116840523,0.9604395605995484,0.6439723650072104,6.195121951219512,6.097560975609756,0.0
26,0.45000966806316467,0.3851637634207982,0.6881150669131739,0.5834988211747545,0.9963702359346642,0.9947758535882083,0.9169833066797378,0.903678443868111,0.8892522966261287,0.8892522966261287,18.620689655172413,18.620689655172413,4.0
27,0.10672162004662017,0.07010186480186487,0.21922441724941716,0.041147960372960424,0.9005011655011654,0.7791958041958041,0.8516649794680363,0.6766786030461188,0.6154600904326426,0.32718565955551776,3.2363636363636363,3.2363636363636363,5.0
28,0.6197232459248758,0.5338032600992204,0.972533971178833,0.9031586345381526,0.9986475313016774,0.998582565556343,0.996912327637705,0.9965427763395108,0.9742259856231534,0.9741981165634416,5.647058823529412,5.647058823529412,5.0
29,0.6595376608279835,0.6015358907294392,0.9938063723547595,0.9400577263480488,0.9927924625505271,0.9922772846159944,0.9668150811623547,0.9641183714583863,0.9236238454986938,0.9198832263348392,17.727272727272727,17.575757575757574,0.0
30,0.45578514972548334,0.3707889857666888,0.7705067969855108,0.6440948940693205,0.9999270752583334,0.9999220804130138,0.9998243877961936,0.9998122440767867,0.994452692865465,0.994452692865465,3.535031847133758,3.535031847133758,3.0
31,0.302,0.2390526315789474,0.4810175438596492,0.3469473684210527,0.9150219298245614,0.9172807017543859,0.6341227199284186,0.6246381328849286,0.7055611907456808,0.6692080180732398,13.0,14.0,4.0
32,0.12466600019994017,0.08100809757072885,0.2996597020893733,0.013007697690692765,0.9529041287613715,0.9024992502249325,0.7444273128306071,0.11990031457191187,0.4450388725264323,0.0,18.285714285714285,9.142857142857142,4.0
33,0.08860217939771331,0.0837948896881206,0.13553465027645067,-0.007064523055451244,0.8485962746255837,0.4451392989425089,0.19280198933732856,0.02913235445516335,0.13627132318541457,0.0,3.0769230769230766,0.0,4.0
34,0.006191713048855907,0.023037105751391396,0.028260977118119923,-0.054429189857761184,0.5724799010513296,0.44022881880024733,0.06377810988646779,0.04818113151416596,-0.0295924245373255,-0.04811173691548605,0.45454545454545453,0.0,0.0
35,0.5258870438127402,0.4364330612627826,0.8478497044750917,0.717392813584764,0.9999975311202295,0.9998123651374425,0.9999772157666895,0.9987135445165672,0.9840193349865565,0.9813402799405956,10.239234449760765,10.239234449760765,2.0
36,0.08352173913043481,0.033343023502911406,0.12212044710782449,0.00699396489438564,0.8777051723405158,0.6306483488461048,0.6740473116922098,0.36808834952812985,0.07363061936276723,-0.05871723245784116,2.193548387096774,0.8172043010752689,0.0
37,0.21297624642328133,0.1421347285263025,0.3618309230760077,0.10974521269950799,0.9920910643006288,0.9711274769335103,0.9179608748245041,0.8250705459129523,0.8069988577348404,0.6933455844652279,9.484536082474225,9.072164948453608,5.0
38,0.1773838879275188,0.13149459367112337,0.34722347261564923,0.15839315749446148,0.9845580698138371,0.966033264629052,0.9876777293056114,0.9732158063710064,0.8757779907327696,0.7677726588788149,2.087912087912088,2.087912087912088,3.0
39,0.5247200069544711,0.43702862671877485,0.8803107968160617,0.7663151509195778,0.9999962203962536,0.9999981101981269,0.9999711400754496,0.9999855974190573,0.9935397853337777,0.9935397853337777,8.593155893536121,8.593155893536121,2.0
40,0.20021941135535637,0.14562937492324707,0.25616111998035107,0.10373367718695004,0.9937233069985127,0.9680639131087369,0.9325740082044226,0.7904039588098541,0.7817370267652491,0.664096343795886,13.72549019607843,12.156862745098039,2.0
41,0.17329829149232923,0.12821798000929802,0.36726447001394696,0.18099000464900045,0.991585890283589,0.9852748721524872,0.9921209701085654,0.9850525928489313,0.9412093776053985,0.9033349680294123,2.192468619246862,2.192468619246862,1.0
42,0.17415768617999117,0.14468404210411645,0.21758007543881147,0.06522039298990967,0.9969906178084617,0.9928959516320112,0.9735445187166554,0.9494387487808041,0.6996579895746363,0.2675176767631767,11.078066914498141,11.078066914498141,2.0
43,0.19109302325581395,0.14016309272123229,0.3261138628813048,0.1413506493506494,0.9769612654787073,0.7733105557233464,0.8284134981299444,0.2174844478075783,0.45685719608651876,0.0,8.372093023255815,2.3255813953488373,4.0
44,0.24863965469228622,0.17760999721526044,0.543377889167363,0.34909983291562235,0.9896152418082242,0.9820935440452984,0.9465775893404583,0.9123105234415002,0.8534250018217825,0.8191440680689589,8.24074074074074,7.962962962962963,5.0
45,0.6603961511152461,0.5806473569522319,1.0238549241404074,0.9567770895053416,0.9998271281232867,0.999797450547885,0.9997106739592398,0.9996647137785922,0.991920064595654,0.991920064595654,2.7848101265822782,2.7848101265822782,1.0
46,0.6221016508639361,0.5365160834897562,0.9620355842197303,0.8772628387158878,0.9998700486114454,0.9998122924387545,0.9997454981965721,0.9996391855983007,0.9867058743675226,0.9867058743675226,2.9873417721518987,2.9873417721518987,1.0
47,0.2564326788847479,0.16795404771967576,0.2686310370000384,0.02911719880636776,0.988657078333184,0.9669830048283193,0.8421112323776572,0.7042847931777039,0.6292083068244624,0.4070298674322035,18.03921568627451,16.07843137254902,3.0
48,0.37179280489625327,0.23460217942976574,0.7073204955963575,0.5243528884908195,0.9332193407428517,0.9115200369118864,0.8347960071922097,0.7839579331491365,0.85108945242049,0.85108945242049,16.96969696969697,15.757575757575756,4.0
49,0.2106927366571188,0.15636824553392276,0.48625275713672905,0.3388389721449624,0.9743506718142444,0.9683617695490334,0.8750559081155603,0.8596935504770626,0.5198409630914695,0.5708290940210968,3.9143730886850148,3.9143730886850148,0.0
50,0.13006247224577128,0.10202817811150133,0.2923599168382384,0.1261830366153971,0.921622058051754,0.8889326228250778,0.8227486979284275,0.7352800209561469,0.5860774772777634,0.4900467128048687,6.847826086956521,6.847826086956521,1.0
51,0.4930825023171671,0.42639772638443757,0.8521372656311069,0.7727066187227104,0.9975100922400028,0.9972113731029938,0.9966957766512474,0.9965472603008484,0.9947625850255262,0.9947625850255262,5.033557046979865,5.033557046979865,4.0
52,0.353324309790806,0.2866091415830547,0.7466594006164338,0.5835069578333006,0.996749950816447,0.9897881828316611,0.9646252051930796,0.933009720184954,0.9156171333017423,0.6992475137450668,8.061538461538461,8.0,0.0
53,0.6542358509981477,0.5765455855114221,1.026941963366948,0.9639160321053717,0.9985336488989504,0.9983741510598888,0.9937939050236058,0.9935663488179788,0.9811018336025857,0.9811018336025857,14.069767441860465,14.069767441860465,4.0
54,0.6252809024979856,0.5361386934073478,0.9803539797654222,0.911295072671382,0.9986689348494344,0.9984182409645745,0.9961128767280192,0.9954358166135764,0.9669790546418533,0.9654852900783661,5.6,5.6,5.0
55,0.12006521719287688,0.05758313024270467,0.26939186907272,0.05654353441587473,0.9933174055514481,0.8837138810543066,0.9981735223495822,0.9578744293737808,0.7053909020298522,0.18575330699156664,1.2676962676962678,1.2612612612612613,1.0
56,0.2765092475228634,0.22398915102697248,0.5388597947417917,0.3557568521622985,0.999910046203541,0.999807825980292,0.9998562547719244,0.9997070285615304,0.9951781886628057,0.9903676561042163,2.6626323751891072,2.6626323751891072,3.0
57,0.14762760047899742,0.10365877716159189,0.13935957587806497,0.0357270180089056,0.9705216653296596,0.8956966970109168,0.8117400205155828,0.4675867613837887,0.3072276187931277,0.18394858613734189,8.508946322067594,5.288270377733598,2.0
58,0.15130141874011976,0.08881512729319435,0.2960111305266756,0.10557551513863633,0.9774668575358635,0.8871239391037284,0.9209968659211627,0.7365824886843441,0.8245618514228596,0.59159486190356,5.229681978798586,5.159010600706714,5.0
59,0.7028778027419873,0.6262107386858635,1.0616347379522217,0.9913815397313039,1.0,1.0,1.0,1.0,1.0,1.0,12.642487046632123,12.642487046632123,2.0
60,0.4716401667625072,0.38766669861350705,0.849169845377292,0.719241901475944,0.9999592677784167,0.9999536770813366,0.9999055413404135,0.9998926208411827,0.9950886513732018,0.9950886513732018,3.388888888888889,3.388888888888889,3.0
61,0.15903795367086696,0.11459231872028972,0.15735395759450688,8.43582585075553e-05,0.9979642345129405,0.9900369727608844,0.9623518156129179,0.7522588775089025,0.8007003926131369,0.11564859923910285,19.586206896551722,18.20689655172414,2.0
62,0.0782551337153774,0.0302787726838587,0.16418218720152822,-0.021809336198662876,0.9017206900668577,0.6985807664756447,0.5452280698835056,0.21026556582442035,0.5133881051317634,0.15913557596745173,9.999999999999998,3.541666666666666,1.0
63,0.1748007783265978,0.07078760664571176,0.2910525370453526,0.002259841341116453,0.9764780721448885,0.8243900613680587,0.5112523076864821,0.20550203821769877,0.47031482763661225,0.27105387504642314,15.333333333333334,6.0,0.0
64,0.2304737689634715,0.18168319349097373,0.39830239850834825,0.22053733367234513,0.9893248138198889,0.9856620126245039,0.988929144196612,0.983556171707681,0.9176030151966623,0.8283710741252333,2.3832528180354267,2.3832528180354267,1.0
65,0.13804008589368866,0.10685435545519423,0.2165106829460623,0.11012502810444103,0.9644401432430406,0.9539738864939018,0.961311020181317,0.9496415886474441,0.683246505987733,0.636973405842809,1.9677996422182467,1.9677996422182467,5.0
66,0.15956273052867914,0.17008214393898907,0.17967748258227767,0.022973099790333962,0.9969530122414069,0.9880733890462868,0.9861769119461521,0.927210952622569,0.9860688998465049,0.7664497076782986,13.162393162393162,12.82051282051282,2.0
67,0.6763572109460371,0.6037794982678848,1.0105831841466908,0.9331188145668161,0.9999974166815209,0.9999948333630415,0.9999682600139652,0.9999368746646468,0.9938798869075987,0.98464959563207,13.333333333333334,13.333333333333334,2.0
68,0.12365591397849457,0.09905661244370917,0.15217627056336736,0.039591489752780096,0.9386200716845878,0.9220889624115431,0.6573956345179695,0.5542661831993625,0.538832475708385,0.49382900733840807,12.258064516129032,11.29032258064516,1.0
69,0.49495357314808436,0.3939997436362384,0.8476039367469315,0.7074767553101688,0.999826485502942,0.999098818850865,0.9997594041961921,0.9990394448617099,0.9901123349936223,0.9865442244760092,2.4520255863539444,2.4520255863539444,1.0
70,0.27504545689195303,0.19709619653437804,0.49672595660229074,0.292987520625288,0.9957967431642587,0.992272997554601,0.9964068597167597,0.9930132597006704,0.9313842251788558,0.8958075454474247,1.9269898264512266,1.9269898264512266,1.0
71,0.6526765246388453,0.5616945975878394,1.0107763457349057,0.9269474119780448,1.0,1.0,1.0,1.0,0.997041983135157,0.9911074185849604,13.224043715846994,13.224043715846994,2.0
72,0.10052922194334879,0.09139558469497516,0.040986938482815205,-0.03923310966552257,0.8091584285202068,0.7750550632587205,0.09550809136288971,0.04148407733883395,0.0,0.0,5.714285714285714,4.571428571428571,4.0
73,0.09819853663430467,0.03949022140453656,0.08721798396408753,-0.024574427301104596,0.8273196436684315,0.5523646657570063,0.44770562969622596,0.1960368013752719,0.3303916212127183,0.023174246835534894,2.721268163804491,1.2153236459709378,1.0
74,0.6463397540811615,0.5853703470561082,1.0371022703428594,0.9755552582987117,0.9997088631499433,0.9996905031684082,0.9966650927449596,0.996429915264746,0.9710691745007031,0.9710691745007031,14.319526627218933,14.319526627218933,4.0
75,0.1406305067481538,0.06752024446142102,0.24363941940412537,0.01270690094219512,0.9319242848654614,0.784194890077243,0.43501229440449507,0.0767487594000686,0.45996944016782465,0.0,14.285714285714286,5.142857142857143,0.0
76,0.3978901119805672,0.2809118678914655,0.7059875398297428,0.5065738190092594,0.9940406290812911,0.9880702832621793,0.9561085145904953,0.9229679949223445,0.9073452343211961,0.8463365950376884,16.744186046511626,15.813953488372093,0.0
77,0.6337447044025157,0.5533338639222414,1.0011753459119497,0.9350023464837052,0.9999972555746142,0.9999945111492281,0.9999923363317385,0.999984631663609,0.9967412796322548,0.9967412796322548,3.776,3.776,3.0
78,0.14851259760122354,0.11245753843677048,0.3850570715608146,0.09887080415358596,0.9440231828060855,0.8557192304596313,0.7694681088703549,0.1364465212091408,0.6002821151862612,0.0,15.121951219512193,6.341463414634146,4.0
79,0.6848264425815904,0.6153294132009441,1.0572588915113534,0.9939506185399202,0.9992319117766745,0.9993183852852608,0.9962985634641951,0.9964615860955722,0.9907863836683353,0.9907863836683353,13.636363636363635,13.636363636363635,4.0
80,0.06366863391772265,0.026792223572296436,0.1476349592084708,0.001157785106752185,0.8494835965978129,0.7946754035757682,0.2480117713349672,0.13766810300854512,0.32264828965674125,0.2058901303197946,8.571428571428571,7.142857142857142,0.0
81,0.4498823595428465,0.36112210670409595,0.7970344829113813,0.6496523947102033,0.998877716093182,0.998217635953251,0.9988099802370173,0.9980864026387044,0.9758512981099468,0.9706596185562991,2.3099703849950637,2.3099703849950637,1.0
82,0.5970014609984677,0.5130112247443253,0.951612372162634,0.854602073905142,0.9989701742507928,0.997530556248441,0.9913737227538598,0.985385833431782,0.951120193807301,0.9552674686861713,16.842105263157894,16.842105263157894,4.0
83,0.6741291486291486,0.5877577922077923,1.0176395382395385,0.9514492784992787,0.9994184704184704,0.9993484848484848,0.9991813488369881,0.9991072053980747,0.988481916889207,0.9875947723669611,2.772727272727273,2.772727272727273,1.0
84,0.19503963259479928,0.13926955874138902,0.2999312852975858,0.16209495438465826,0.986939738099671,0.9768087879352075,0.9703394780261371,0.9400415057766552,0.8106862835082269,0.756784129053181,3.562340966921119,3.511450381679389,5.0
85,0.06466109369329909,0.0431170618639275,0.06561554983800894,-0.014012900441675025,0.9778647578633521,0.8777032571490221,0.9679647661800936,0.7696815633481104,0.10982516468735593,0.0,2.4458204334365323,1.981424148606811,4.0
86,0.039967367657723074,0.038484408992023156,0.052021996615905286,-0.07451655789219236,0.79832910321489,0.6031695673193136,0.15884905572650496,0.06502606060968144,0.21691831045435883,0.0757735262090845,2.8571428571428568,2.142857142857143,0.0
87,0.6121697331676488,0.5340127069387102,0.958827881776032,0.882721903769324,0.9997194051388945,0.9996676287061904,0.9995633264742921,0.9995030530529816,0.9913995648244531,0.9914093019174883,2.821782178217821,2.821782178217821,1.0
88,0.2988051890708616,0.22274074235305463,0.6249761037814171,0.49200824629429823,0.9955332572551532,0.9852969070177456,0.9800272237422067,0.9207072487350718,0.8838346283549211,0.6031465232444349,6.993865030674846,6.748466257668712,0.0
89,0.6215845402976836,0.536435879012038,0.9746687830515304,0.9075632964829271,0.9988435967518229,0.998835444865884,0.9961496348790876,0.9959049142546709,0.9686690455766229,0.9672675938307799,5.667447306791568,5.667447306791568,5.0
90,0.6199284837976985,0.5341896849640715,0.9776978840378893,0.9071011354373371,0.9981909223825717,0.998137990982842,0.9926867755399487,0.9924027077543348,0.9659363986448551,0.9644159880233902,5.620608899297424,5.620608899297424,5.0
91,0.35636497283477153,0.13941131351869604,0.6250203472888037,0.22618152764461485,0.9984162494229608,0.9636097541179036,0.9966689117891703,0.8114449577382101,0.9875793457448043,0.0,5.936507936507937,5.365079365079365,4.0
92,0.32325292888795887,0.26435252392858327,0.6690527695476424,0.571389601759352,0.9940926596982814,0.9877777900158974,0.9758345999807602,0.9283619310602542,0.8985866167053507,0.7361686310927048,6.07361963190184,5.705521472392638,0.0
93,0.4871446886446885,0.39978113553113553,0.8148974358974359,0.7078034188034186,0.9987026862026862,0.9980349511599513,0.9937829290833502,0.9908775634108231,0.9551545880165946,0.9478524333084242,5.428571428571429,5.428571428571429,5.0
94,0.3724997096640399,0.31230029033596013,0.6891430941518042,0.5805169639153878,0.986163417669017,0.9855495644960598,0.8337353381819073,0.8111838519355197,0.8232564222849417,0.8232564222849417,17.6,17.6,4.0
95,0.2940273857526882,0.2237224462365593,0.5542584005376345,0.39490625,0.9946660786290323,0.9916372647849462,0.996713088279626,0.9947811197694183,0.9252707752177315,0.9038785865450755,1.6881720430107527,1.6881720430107527,1.0
96,0.22361407249466964,0.13238750690989498,0.4089743346758272,0.16353154860617553,0.9914905191853782,0.9398374090745567,0.9561806206450777,0.775376514684656,0.8431688462249872,0.6421283930709792,7.197346600331675,6.93200663349917,5.0
97,0.5606634839310665,0.4827549293587952,0.9023687315634218,0.8322800807328055,0.9909330849247011,0.990117994100295,0.9313716561693096,0.9222419327971543,0.8828580547547757,0.8830326645104096,17.699115044247787,17.168141592920353,0.0
98,0.4102111992198315,0.31977035717778446,0.7830779741514083,0.6095259622284941,0.9985647323611531,0.9967768461853148,0.9936361317205179,0.9861997713331185,0.9553358130393831,0.9318981288859504,5.13189448441247,5.13189448441247,5.0
99,0.044400369267080964,0.03653264872993067,0.07051112083979705,-0.05583532401282926,0.8730120963520599,0.5329152113292663,0.868148616184063,0.5385831641903626,0.6013702823848056,0.1497353482674527,2.2146507666098807,1.737649063032368,5.0
100,0.5897551068188469,0.5151996488147497,0.9419751829089844,0.8815800995024876,0.9993257243195786,0.9992636815920398,0.9967907973451767,0.9965971362092858,0.9671903286579093,0.9614203160683772,5.694117647058824,5.694117647058824,5.0
101,0.6711241895444091,0.5756900548335011,1.0109988101518483,0.9314144120071894,1.0,1.0,1.0,1.0,0.9946007013397694,0.9946007013397694,11.625615763546797,11.625615763546797,2.0
102,0.17567740719804037,0.1477918651915261,0.29677757140165284,0.09733559449783302,0.9998384882500202,0.9999641085000045,0.9977217840625261,0.9994795732500651,0.9326880968606411,0.8952020982061527,15.901639344262295,15.901639344262295,2.0
103,0.35463169149201046,0.282520863541163,0.6608565842084451,0.5356807856232699,0.9994251358436956,0.9989667091407062,0.9984990025805616,0.9975371045087777,0.9760054015685015,0.9740043418510007,4.121212121212121,4.121212121212121,3.0
104,0.08229262926292624,0.06731087394453733,0.10842435672138634,0.007444830197305519,0.9034676937081464,0.77001128684297,0.8040599254640802,0.5073586711045471,0.6356113547098446,0.28103136179827887,3.2956152758132955,1.768033946251768,5.0
105,0.5918493358493357,0.510952750952751,0.9503838383838386,0.8611718651718654,0.9994301994301995,0.9992904215126437,0.9990864881904457,0.9988469060324661,0.9829382540116269,0.9791440696956961,2.808302808302808,2.808302808302808,1.0
106,0.18743132698429749,0.13811467430379654,0.3990036147227311,0.17148781931052326,0.9902325426849055,0.976843999934959,0.9640739938047276,0.9205811757765666,0.8691091278838805,0.7490506675932342,3.923865300146413,3.8653001464128844,5.0
107,0.36217788960779623,0.18352032909976834,0.7214702452272546,0.4181040817956705,0.9893202332454669,0.9717389567856857,0.9660753822872277,0.8467991235781629,0.9587549645647379,0.2706057727756611,18.8034188034188,15.213675213675213,4.0
108,0.44651171119547306,0.314331812088778,0.7175438722154572,0.41769070983453915,0.9999258137464571,0.9924867232187625,0.99892398495174,0.9067913581854132,0.9036974200748793,0.6614812141222761,16.024844720496894,13.664596273291924,2.0
109,0.41223946964184655,0.2932059988681381,0.6801819063788501,0.4024355242946075,0.9999436956446416,0.9981780488086575,0.9994662518124278,0.9833156604966827,0.8925983669508354,0.6676725227547148,10.75187969924812,10.75187969924812,2.0
110,0.31947037356699254,0.2448902377244499,0.5438023403443595,0.3842312419085501,0.9995864370102133,0.9994848052735926,0.9990352832647416,0.9987995624675864,0.9814300860495165,0.9736231508791644,3.486750348675035,3.486750348675035,3.0
111,0.6412142750200311,0.5511345287864651,0.9833460019118039,0.9044350389846711,0.9997466284305936,0.9996298142654776,0.9995734814236192,0.9993807464868412,0.9811906098124608,0.9746023956166107,2.7046263345195727,2.7046263345195727,1.0
112,0.661525365484875,0.5903260154539474,1.0584541143435016,0.9955563028345328,0.9999091810586052,0.9999091810586053,0.9990058956825298,0.9990058956825298,0.987948081020314,0.987948081020314,13.631284916201116,13.631284916201116,4.0
113,0.5113989591624726,0.4289223580451151,0.8740679081195143,0.7621845777388525,0.999471846068497,0.9979239807668795,0.9990962371750798,0.9968160332962138,0.9856329352819223,0.966528705599672,2.871410736579276,2.871410736579276,1.0
114,0.23386745278029908,0.16110722481718437,0.3949763009860857,0.14701387505319052,0.996219472300317,0.9737244715993083,0.9832941104291228,0.8821549563759178,0.721647027589248,0.3921458728571301,6.130653266331658,5.829145728643216,2.0
115,0.21860191320874245,0.17736478935698446,0.33017036426987656,0.16720795692112767,0.9489844789356985,0.9352727272727274,0.7887387222254574,0.7442826694138548,0.6484939630784695,0.5814780886938083,5.505226480836236,5.296167247386759,5.0
116,0.07786962485835269,0.034857756307031695,0.1450545714796922,-0.0029015327727082707,0.8020118884316415,0.6414385399892647,0.4041654118265488,0.1526209786505751,0.28026367271267505,0.08602373089889635,5.942028985507246,1.7391304347826086,5.0
117,0.5840565424050829,0.5024752044734628,0.9510510779242084,0.8824893159819143,0.9984798578294205,0.9983353009135767,0.9953791759864947,0.9945880477452005,0.9676053587433546,0.9676488741087502,5.635103926096997,5.635103926096997,5.0
118,0.5772575751605658,0.4921971426002316,0.9372900065772125,0.8420994947367146,0.9999949483774694,0.9999919174039511,0.9999869841954959,0.999979229806233,0.995519345889843,0.9966392978709435,3.554119547657512,3.554119547657512,3.0
119,0.1078978236634191,0.06219039309776547,0.25379235131598077,0.002618389801754717,0.9237373370171102,0.826892782705637,0.22990069064127336,0.09361154300883712,0.37351467327954785,0.11966933961459664,13.076923076923077,8.461538461538462,0.0
120,0.18120383181521182,0.08290532879818596,0.20086436834620852,0.01099095853030474,0.9749978381182981,0.7247372112686883,0.9682089866630379,0.6392845559450193,0.7767161436920644,0.15195976055305307,2.346938775510204,1.6581632653061222,1.0
121,0.34107889431239385,0.22330273769100167,0.6268710207979626,0.4472408213073006,0.9927445882852292,0.984023503820034,0.9535052580030665,0.8817956527893119,0.8958191495401021,0.5908442967344357,19.35483870967742,18.387096774193548,4.0
122,0.6214857983697653,0.5407900355370782,0.9797391131395663,0.9058714152698548,0.9999445558217268,0.9999366352248306,0.9998505640998894,0.9998299684030065,0.9946748431037713,0.9946748431037713,3.7617554858934166,3.7617554858934166,3.0
123,0.41179862833795405,0.32686309645410766,0.7795737924996352,0.6374350503429157,0.9984579016489128,0.9975590252444184,0.9946111773779706,0.9916847123419005,0.9722011206667903,0.95394127388686,5.303370786516854,5.303370786516854,5.0
124,0.10085812803411831,0.07371108388911579,0.22487691121092507,0.04638373939476431,0.8308742797513725,0.739458282292092,0.563736222187444,0.3342484962219137,0.33931118473125593,0.18707062267570637,7.341772151898734,4.556962025316455,5.0
125,0.1278477371357718,0.10032833230006188,0.25662822897292825,0.06142674106220297,0.954998966728663,0.921868154577392,0.685815315864313,0.5732985866557675,0.5759473942352109,0.41610333101210073,12.0,9.066666666666666,1.0
126,0.12304891935529555,0.04349589427401501,0.09197412873315775,-0.037101599801087126,0.9443232712359982,0.7534556395899624,0.8343303802948132,0.5333734632017545,0.43516110921402246,0.12238366652627607,2.8745432399512785,2.0706455542021924,1.0
127,0.14544469595420056,0.1017203905057657,0.3149690874181747,0.10988633433100198,0.9891599693724094,0.9621200797656615,0.9154816584302375,0.8007121612002358,0.7553390719572771,0.5102409384630767,13.287981859410431,12.290249433106576,5.0
128,0.11666740018308569,0.06312874093373705,0.19029672206182663,-0.005148845151749848,0.9978214562354765,0.9777920568974016,0.988436074840136,0.8539758239451262,0.9541909855606362,0.5715134581471941,8.295454545454545,7.727272727272727,3.0
129,0.046562374620329694,0.03896280572972127,0.09719514279604624,0.013978657653514803,0.9545107358968655,0.9276922702829888,0.8714478768156636,0.7972893099539177,0.7974873370728078,0.6870436489699003,8.254486133768351,8.02610114192496,3.0
130,0.15679371374017775,0.08970184328413017,0.2642590144672102,0.07780384813101276,0.9167722332378644,0.8869290225453477,0.24424020408292307,0.14516214483617315,0.25710409184409233,0.1510039442207351,11.76470588235294,7.647058823529411,0.0
131,0.21555975153525814,0.14777105244582478,0.41885359840272657,0.20980913894462988,0.9997542074640261,0.9992248081557744,0.9976901285647128,0.9934704230653824,0.9891199640017344,0.969846677349283,13.870967741935484,13.870967741935484,3.0
132,0.1646989139087185,0.09764340215895301,0.4367241069569524,0.15174761550760046,0.9973571202532834,0.7903052315639219,0.9935610990338956,0.38872049111763857,0.7163315240864411,0.0,4.199066874027994,0.7465007776049767,4.0
133,0.09134653465346532,0.0631254125412542,0.22106270627062707,-0.00011551155115513412,0.9175192519251925,0.6473597359735974,0.43420753892740027,0.034009380703556316,0.3212809730090833,0.0,10.666666666666666,0.0,4.0
134,0.05774200829318943,0.012464676559164667,0.11119619261351549,-0.06740002708506637,0.7386162110571559,0.42207561892601264,0.08682267358985617,0.00630973849638665,0.1285117734549575,-0.0017232118595873706,6.666666666666666,1.212121212121212,0.0
135,0.5147163767513833,0.4025059759276989,0.7875862068965518,0.6983398662114726,0.9871931504127455,0.9844836617835662,0.9002800786446504,0.8839419643606063,0.8039857172270684,0.8137269632489768,18.26086956521739,18.26086956521739,0.0
136,0.3447611701736921,0.2588588298769692,0.6485783944941348,0.47516927192175873,0.9953885591685475,0.985880707940392,0.9866502050124465,0.9654584572477569,0.9163426937697342,0.8849488894408389,4.675324675324675,4.675324675324675,5.0
137,0.09095980311730933,0.03407164342357133,0.17939294503691555,-0.018558016589189652,0.8687904475435239,0.7081852155683165,0.4791403185790437,0.22244501298091726,0.48995557283722,-0.03020175875308171,4.63768115942029,1.4492753623188406,0.0
138,0.0799305465951814,0.07029610019799343,0.10500682965896196,0.010651420435585424,0.9731151698516163,0.6697693043536296,0.405917160740367,0.04538728735123326,-0.0015514750168105418,0.0,16.455696202531644,5.063291139240506,4.0
139,0.15577208187350172,0.13695568258651414,0.14977650746819104,-0.001636363636363658,0.9911365173028459,0.9653943081934968,0.9598421847108364,0.8069831361410139,0.5345779105785454,0.09853088161200545,6.321839080459769,5.517241379310344,2.0
140,0.04079536516812249,0.018942026017505276,0.09702712391045476,-0.007937037465748364,0.9367736433510325,0.8408682658920841,0.8171210975694665,0.5214898958141825,0.7215677830586902,0.4441660309658285,8.566827697262479,6.119162640901771,3.0
141,0.3753260702505231,0.29743660073537237,0.6155100906801603,0.4920270621756145,0.999837437783006,0.9997931026329169,0.9980138349896717,0.9974989048344396,0.9115867691650245,0.9045240689965145,13.536585365853657,13.536585365853657,2.0
142,0.0171555204204501,-0.009358381735600996,0.05185114426986692,-0.06867749267103657,0.6407087775545234,0.4440436846477888,0.13350948946720187,0.0339867072457969,0.1859607014426538,0.05271845003853913,5.396825396825396,2.222222222222222,0.0
143,0.24965905183001735,0.18589942800996595,0.3866564199740323,0.19258918482647297,0.9900094746815453,0.9790258623714778,0.9915848149805957,0.9809271824016186,0.8615208794505124,0.7888054737966093,1.8159806295399514,1.8159806295399514,1.0
144,0.10440212353917938,0.07965543762498073,0.09422988179333364,-0.00415549481539329,0.7361766828771905,0.5639053557835284,0.34334818791552274,0.0839854400893528,0.18701458250405129,0.04544714445737063,7.1328671328671325,1.8181818181818181,1.0
145,0.3994791200181748,0.3037927923463906,0.6734383557417496,0.5042152629034988,0.9999541890384653,0.9998793956318781,0.9998236722767655,0.9995501856291025,0.9903585811114995,0.9891499639824284,4.91362763915547,4.91362763915547,3.0
146,0.5322801132106885,0.4173601098809622,0.8829980854074754,0.7166945808707236,0.9999979189211687,0.9999979189211688,0.9999630450849963,0.9999630450849963,0.990304591587935,0.990304591587935,18.780487804878046,18.780487804878046,2.0
147,0.6593576149541804,0.5932230759873489,1.039838618116941,0.9754535317492496,0.9983451261049388,0.9981550563620145,0.9902977598985135,0.9899717465486597,0.9752699703935906,0.9752699703935906,13.636363636363635,13.636363636363635,4.0
148,0.45329026303645586,0.3044485463774803,0.7755819104753114,0.6067078910936778,0.9957083525611445,0.9907060452238117,0.947438886118108,0.9247602610187308,0.8919404683561386,0.7937052487717471,18.90909090909091,18.181818181818183,4.0
149,0.5843820224719102,0.5066270422841015,0.9511322803017966,0.8802122347066167,0.9989226604740293,0.9985981606168093,0.9951271003497693,0.9936787093940203,0.963504234880737,0.9561193161377206,5.942028985507245,5.942028985507245,5.0
150,0.20008015059773326,0.15465436267660304,0.34183331669882666,0.15650484064142656,0.9994365060882294,0.9974625446359261,0.9997591013464557,0.9989421647199714,0.9177962586245014,0.7487038227513337,1.4380530973451326,1.4380530973451326,3.0
151,0.4731301284664512,0.4135756739523555,0.8066991125466463,0.6709055369145055,0.9999832753195982,0.9999017425026393,0.99984219873184,0.9990792024846065,0.9700125916315137,0.9290704759376694,10.582959641255606,10.582959641255606,2.0
152,0.22471891866074417,0.16467558519714992,0.3721975450160004,0.15733876955541953,0.9992633021720284,0.9963642731947646,0.9916079164017353,0.9623502218239326,0.7553943112281561,0.5478697427925496,13.939393939393938,13.506493506493506,2.0
153,0.2146981516795034,0.16837357702436073,0.2811065157631442,0.16559135524241153,0.9990135136250692,0.997938284751975,0.9953044017473092,0.9908076329627105,0.9619916204667633,0.9538195064967895,6.442953020134228,6.442953020134228,3.0
154,0.31409342834520987,0.22854026597957505,0.6942126628822953,0.5088061113571398,0.9957884330644909,0.9895135785570183,0.9920337210379304,0.9802632832447691,0.92492169795115,0.8814795251622336,2.768361581920904,2.768361581920904,5.0
155,0.41879124371828574,0.32766890337551147,0.7416723751269678,0.5947373404427927,0.9992587521698447,0.9989370261626034,0.9993505654902326,0.9990870345267708,0.979866961609553,0.97540136729295,1.9448476052249635,1.9448476052249635,1.0
156,0.035352795826850913,-0.009111375491900775,0.058581495378420334,-0.06667703852841578,0.7575664474630337,0.46908052138215955,0.10737053913536349,0.030257092765639954,0.10784425709583885,-0.006248396264804662,4.081632653061225,1.2244897959183672,0.0
157,0.19374352411306495,0.07781253460984705,0.36178359154842915,0.11698312885322965,0.9504202404538351,0.7444470423193827,0.4010642199291687,0.14711144637277845,0.3224131508648754,0.15334675054268698,12.340425531914892,6.382978723404255,0.0
158,0.25167073341747315,0.19907278081615476,0.4241469639601739,0.21714079371757117,0.9994250455756556,0.998688823446922,0.9819299215547358,0.9621166168995096,0.9293866841445863,0.892177999197463,20.0,20.0,2.0
159,0.657712390263368,0.5752235634477254,1.0294387470071826,0.9697230646448523,0.9993291101356744,0.9993041699920192,0.9942884927881036,0.9940929197794075,0.966416613094194,0.966416613094194,13.407821229050278,13.407821229050278,4.0
160,0.11770269505381209,0.07607118888017406,0.2115815348788318,0.07708233943285009,0.984147455749529,0.9400587041424424,0.9829411498713791,0.9472543923916273,0.7657349344468963,0.6574995161294812,2.2883295194508007,2.2883295194508007,3.0
161,0.07254400771642155,0.04835141869624637,0.1052905714974679,-0.019794228759746013,0.7983013155426949,0.6356134287168769,0.12137132420345023,0.06614896350526511,0.1755877020511833,0.04844292147418037,4.242424242424242,4.242424242424242,0.0
162,0.1143328178162697,0.05925951128982376,0.20157902876585226,-0.0033482833281782143,0.9455613980822766,0.9064800494896381,0.538014584996694,0.3396408876127315,0.5630717414062734,0.37679037567105755,10.81967213114754,8.852459016393443,0.0
163,0.14661945812807875,0.12498871100164205,0.14257594417077174,0.008401067323481115,0.9874538177339902,0.9672619047619048,0.8625881606410905,0.6349046283036549,0.7662874862427906,0.5278937308088346,17.142857142857142,11.904761904761905,3.0
164,0.5392515152747834,0.4379608797824639,0.865966161731528,0.7264192578360904,1.0,1.0,1.0,1.0,0.9935399638064287,0.9805337549301552,12.189349112426035,12.189349112426035,2.0
165,0.6646686324863069,0.5789268061416899,1.024980615964802,0.9582590500134689,0.9999475621801204,0.999938223938224,0.9999067389112509,0.9998903052412091,0.9929175434009863,0.9938019137247723,2.8114285714285714,2.8114285714285714,1.0
166,0.6697612610261497,0.5987026462759018,1.0354964246568192,0.974243227725873,0.9975964298762983,0.9972206273813874,0.9856023877316487,0.9845519120089243,0.9712279836713198,0.9744576238779723,14.235294117647058,14.235294117647058,4.0
167,0.384183395077683,0.2844898715769743,0.6661926841430589,0.4965940615772615,0.999558782448418,0.9989413389516776,0.9995474875094006,0.9989340476279277,0.9870533285731238,0.9733163949122511,2.126929674099485,2.126929674099485,1.0
168,0.27751846142071485,0.21969199986879656,0.45925045647871765,0.25810662468155826,0.9989022643531122,0.9954188123899803,0.9977567918419817,0.990820696720443,0.9627241662217896,0.917443497117041,3.193798449612403,3.193798449612403,1.0
169,0.32349451573589494,0.2631772886945301,0.6508810667431355,0.5295497885153058,0.9964961645996129,0.9881925641209461,0.9833444613956328,0.927127675794182,0.9208006395190788,0.7653055361409892,6.10079575596817,5.729442970822281,0.0
170,0.11154335349775091,0.08344294503903632,0.21166072074866848,0.07580786929321137,0.8689916067766231,0.8449063302483497,0.4950966484800738,0.42651561382296216,0.33339932166888964,0.30582292136036465,4.603174603174603,3.968253968253968,1.0
171,0.6442716449434647,0.5682820610726409,0.9561453442172938,0.9022526083322154,0.9931252859447615,0.9923375403762603,0.960593526866408,0.958078290602524,0.891642326819624,0.8959986615359865,17.63779527559055,17.48031496062992,0.0
172,0.6233405293381113,0.5405099088985795,0.9817969863131989,0.9138603687232849,0.9993375888233169,0.9991887451455372,0.9968619038297568,0.9961578422580246,0.9750408290984629,0.9679464030288047,5.583524027459954,5.583524027459954,5.0
173,0.5672416408362462,0.48813790147068536,0.9308067334960097,0.8555162237024336,0.9995331975862296,0.9993271038053155,0.997734074063424,0.9967953359980912,0.978023257198463,0.9702522549620879,5.338983050847458,5.338983050847458,5.0
174,0.5819158110882957,0.5036407572494614,0.9493634997746281,0.8729443081083789,0.9995217108228578,0.9994140331547052,0.9978348407223037,0.997407562773555,0.9703791877837242,0.9703791877837242,5.7073170731707314,5.7073170731707314,5.0
175,0.31939758149316505,0.22851335436382758,0.6121432176656151,0.45939200841219785,0.9999842271293375,0.9999202593760954,0.9999096143380065,0.9995322683767177,0.9947607466469627,0.9908345680107945,6.622222222222222,6.622222222222222,3.0
176,0.3991878063381597,0.3064560182586897,0.6916465559172372,0.5264168256818949,0.9973902794926479,0.9955662812885846,0.9968360890172691,0.9943187530445894,0.9504384852726218,0.9235754186690212,2.560706401766004,2.560706401766004,1.0
177,0.11672981331260829,0.08166172827512513,0.1754443742815044,-0.007964573112481999,0.8433882223409596,0.6942164148896552,0.5222786813748159,0.1451073918726286,0.39823835369845045,0.03308086552440828,8.03921568627451,1.568627450980392,1.0
178,0.10873368647007464,0.05833581182001457,0.07693045273871424,-0.020099710797876813,0.8645745083155814,0.6100230436687044,0.4905286818004853,0.18090063811069063,0.39260055434985114,0.02247070525960015,3.8260869565217392,1.1180124223602483,1.0
179,0.5851546265538152,0.5024775344634798,0.9435587368695978,0.8541064524992992,0.9997945930357517,0.999353172109271,0.9997010368202868,0.9990973326254617,0.9898748053080976,0.9873521762074728,2.5672877846790887,2.5672877846790887,1.0
180,-0.006985101040100639,-0.018488474505450325,0.03265326019720538,-0.08362072991385061,0.5589260623241067,0.34681353974216644,0.033770228724400754,0.028920279229156506,0.0030487605514277092,0.0005167393208193504,1.8604651162790697,0.46511627906976744,0.0
181,0.6058726710744848,0.5210898262667953,0.9726001149472101,0.9015365817233937,0.9996062831774305,0.9993585131080549,0.9981054145164364,0.997017540736866,0.9790758432119844,0.9720584768654177,5.570776255707762,5.570776255707762,5.0
182,0.31091471263530013,0.2209998031998251,0.5993493203105071,0.41149154123692555,0.9980130471227086,0.9972695797951818,0.9983008958367824,0.9975758805019823,0.9679916894000922,0.9522648872918048,2.034782608695652,2.034782608695652,1.0
183,0.23611644304962565,0.16839307942763776,0.4640370275760561,0.25024089008908185,0.9925859699059714,0.9747330989713212,0.9913045808796828,0.9691976067170452,0.9240720027640156,0.809117589686542,2.3548922056384742,2.3548922056384742,1.0
184,0.6107743370167579,0.5234440865895793,0.9692184788687561,0.9007881084116034,0.9991854319421204,0.9989975397171007,0.9968760153233776,0.9963390694544598,0.9723766547651349,0.9682461011315701,5.610859728506787,5.610859728506787,5.0
185,0.5949681352914997,0.511437917222964,0.9543832665776592,0.8861254116599911,0.9986081441922563,0.9982576769025366,0.995151629665869,0.9941391487135113,0.9732138708121105,0.9703933361815429,5.887850467289719,5.887850467289719,5.0
186,0.6677770897832821,0.5957593535183923,1.0339905546518342,0.976105053261269,0.9976858896993231,0.9974786167812353,0.9939111676830314,0.9936075949953134,0.9679788495518084,0.9679788495518084,14.117647058823529,14.117647058823529,4.0
187,0.1629083257911459,0.1306676961426007,0.27637755517353857,0.13309609158918967,0.9966429477180184,0.9903147458860658,0.9983646374817854,0.9951140294379306,0.8041652275957185,0.5505445513629105,1.5225189318453567,1.5225189318453567,3.0
188,0.5088682712215322,0.4288662008281574,0.8870644409937887,0.7982111801242235,0.999159981021394,0.9988386387163561,0.9957520493424721,0.994354316396852,0.9561185723014946,0.9505591587481658,6.238095238095238,6.238095238095238,5.0
189,0.06726715298512476,0.040554270723667185,0.12412742655843395,0.025633891947555776,0.7426977921985773,0.49531923278277323,0.20543905709836904,0.0871328525280339,0.03549406537932242,-0.015955495310469085,2.863247863247863,0.5128205128205128,0.0
190,0.6080670917614079,0.5298864766982543,0.9634150199878329,0.895543667871115,0.9985662835912401,0.9985022466300549,0.9939682927558863,0.9936017218427508,0.9596846665028789,0.9596846665028789,5.748218527315914,5.748218527315914,5.0
191,0.2052930479757824,0.14019304779967923,0.39673879147449415,0.18534437147903754,0.9998732057289879,0.998598571099007,0.9997884713513382,0.9977418515692265,0.9835393180814361,0.9192188933961702,2.6885245901639343,2.6885245901639343,3.0
192,0.1895969672785316,0.1470776275552535,0.37230057762360436,0.24838620973031073,0.9884060433178194,0.9776477049141465,0.9705742071057366,0.9537613664667172,0.8852380929620663,0.864879736350119,4.059405940594059,4.059405940594059,5.0
193,0.2640501122508972,0.18947583711475469,0.5184247797922658,0.2954615528381279,0.9999508169307797,0.9998153743247732,0.9999341888862092,0.9997586556306368,0.9938410138373379,0.9876914082663346,2.3505572441742655,2.3505572441742655,3.0
194,0.11106464032421476,0.05566849037487337,0.20678743667679844,0.01805227963525824,0.9866585612968592,0.923640932117528,0.9791374496463311,0.9044330418530633,0.8420498725738219,0.6984850369219321,3.238095238095238,3.238095238095238,3.0
195,0.38601380296086396,0.2916089742790703,0.7154133986317074,0.5421586135544908,0.9980171343598068,0.9956413889385183,0.9967403488337129,0.9931626276363287,0.965780225478128,0.9533455645516102,3.118172790466733,3.118172790466733,1.0
196,0.320376688916402,0.2311774236959681,0.6123517252516553,0.4339555229584971,0.9987814232653281,0.997566210905959,0.9986635384928636,0.9971906919759306,0.9801270662961032,0.9652767178120519,2.3653846153846154,2.3653846153846154,1.0
